emp_name,emp_number,emp_code,callyzer_tags,role,email
Disha,91-7975633480,,,nutrition,
Madiha,91-6364725374,,,nutrition,
NAZIM,91-8904849473,,,nutrition,
nida masood,91-9008353354,,,sales,nidamasood@thekenkolife.com
Pragya Shekhar,91-8904644809,,,nutrition,
Riddhi,91-6366930219,,,ops,
sadaf,91-6366946047,,,sales,sadaf@thekenkolife.com
Simran Wadhwa,91-8861979405,,,nutrition,
Sunayana BK,91-9108875027,,,nutrition,
The kenko life,91-8792982575,,,ops,
Sophiya Dash,91-7259214646,,,sales,sophiya@thekenkolife.com
Manasvi,91-9187959324,,,sales,manasvi@thekenkolife.com
